id	output
537651335752323073	-3
538332513408937986	-2
538050779824025600	-2
538017499724279809	-3
537958766910926848	-1
539574626788343809	-2
539200238150778880	-3
538288019661676544	-3
538011277252370432	-2
537245006785159168	-2
538334589773967360	-2
539436191566020608	-3
538000380962308096	-2
538049143240142848	-2
537953689995317248	-3
537660039524122624	-3
539385293665624064	-2
539576635381792768	-2
537241812206108672	-2
539438819750457344	-3
539578311866060800	-3
538009987784925185	-2
539433150729183232	-4
539580098203381762	-3
539368955744649216	-2
538005564413210624	-3
539443693732634624	-2
539455565756264448	-3
539725954340622336	-3
537600076710166528	-2
537601639239393280	-3
539210383324905472	-3
539579260978339840	-2
537957199021355008	-3
539434379085619200	-2
538335405914214400	-2
539488684270444545	-2
538048511728951296	-3
539367503345250306	-3
539434545985384448	-3
539487901772685312	-3
537247749042094081	-3
538008054873460737	-2
538048849571762177	-2
539372025060802560	-3
538007522918273024	-2
538053363100049409	-2
539201777137356800	-3
539371298699620352	-2
538331642289750016	-2
539493019758886912	-3
539724842065731584	-2
539367168195174400	-3
539433484130189314	-2
539577726349623297	-2
539492824006549504	-2
539486225191960576	-2
538336749328826368	-2
539439742258282497	-2
538054108209774593	-3
538050982626983936	-2
539370992338890752	-3
538335880621326336	-3
537596499514105856	-2
537655732926439424	-3
537594711524257792	-2
539489465618956289	-2
538046502950936576	-2
539580293938954240	-2
539372080861827072	-3
539725092599918592	-2
539206671021932544	-2
539577164866519042	-2
539576858132885505	-3
537244055982600193	-2
537240331134455808	-2
537654164533559296	-3
539208761647562753	-2
539492628140920833	-3
538289561118707712	-3
539368816242094080	-2
539373895246413824	-3
539578842193879040	-3
539487148312129536	-3
537593595432562688	-2
539439770276225024	-3
537600773648310272	-2
539574934520225792	-2
537957646465519616	-3
538001052407455744	-3
537241898294198273	-2
538289505330266112	-3
539581301406564352	-2
539370294931378176	-2
539490498973822976	-2
537657663585533952	-2
539206028119003136	-2
539372555447308288	-2
538291858401939456	-2
539204770696036352	-2
537956027350925313	-3
539367559385325568	-2
539438931780317184	-2
539724676352995328	-3
537957254537175040	-2
538010689156435969	-2
539372360374431744	-2
539725148392546304	-3
538289729712971777	2
539577669663608834	-2
537656459983867904	-3
539487511362695168	-3
539205553990684673	-2
539368479699517440	-2
539204491321802752	-3
539433539687956480	-2
539724924693520384	-2
538138292940984320	-3
537245623884722176	-2
539433847872831490	-2
539490359278329856	-2
539574290581311488	-3
539579623982772224	-3
539492768146784258	-3
539368368734994432	-3
539487789633781760	-3
539436275825393664	-3
539576441370062848	-2
539578395542446080	-3
537244111842340864	-3
537952796960899072	-4
537242571098308608	-3
539372220662161408	-3
539437785477050368	-3
538051376690257920	-3
539435353393094656	-2
539370601740521472	-2
539578172334166016	-2
539366776908578816	-2
539576329528934400	-2
539580964406837248	-3
539369011637919744	-3
538334561839890433	-3
539435325421260800	-2
539578591512915970	-3
538001080538636288	-3
538289476540592128	-2
537958206770020352	-2
538052980751478784	-3
537598064513810432	-2
539574121840254976	-3
539440889131982849	-3
537245848711999488	-4
539372972424052737	-2
538288103472246785	-2
538287627594911744	-3
539434712692178944	-2
539488628368740352	-2
538010072509861889	-3
539434990879395840	-2
539374174733873153	-3
539205833490714625	-3
538338326471000065	-3
539579596061286402	-2
539485889232375808	-2
537596108873404416	-3
539486672539643904	-3
537655340998098944	-3
539575465640738817	-3
539360612388990977	-3
539443554276212736	-2
537953745997672448	-2
537598930817912833	-3
539574011706236928	-3
538007410779385856	-3
539725203610550272	-3
539484885199892481	-3
539490079686029312	-2
538131774577340416	-3
539575130222235648	-2
539726539332796416	-2
539492404282523648	-2
539437031345373184	-2
539725481965522944	-3
539490303330516993	-2
537246351831355392	-2
539370015745904640	-3
538048399195791360	-2
539575102317535234	-2
537952209842221056	-2
539200348976840704	-2
537652034678579200	-2
539369820211654656	-2
539440692670779392	-3
539210327389659137	-2
539436107772211200	-2
537244643298390016	-2
539439155546456065	-2
537241532035006464	-2
537951733771935744	-2
539436444092493824	-2
539437981040652288	-3
539201217025822720	-3
538334981433851905	-2
539580376998744065	-3
539210243696496640	-3
539437423563128833	-2
539576691182817280	-2
539437311512293376	-2
539208146737459200	-2
539373586604359680	-2
538048623687499776	-3
538290317725011968	-3
537241982268362753	-2
537267514418286592	-3
538289224404197376	-3
539434601207582720	-3
539437395696177152	-3
539576746518261761	-2
539210523326550019	-2
539578814259793920	-2
537598483805794304	-3
539205385585164288	-2
539486084917637120	-3
538000772341198849	-2
538006208222101504	-2
539372388199456768	-2
539438763613880320	-2
538164694570127360	-3
537242459198484480	-3
537601360263667712	-2
539437869245677568	-2
539437925193515008	-2
538133968303169536	-2
537597087215808512	-2
538049255035121665	-3
539492544481341440	-2
539208398626357248	-2
537951761685024768	-2
538136948918222848	-3
537594124585959424	-2
538292505838903296	-2
539725120504623105	-2
539368732058198016	-2
539437115088846848	-3
538006656635113473	-2
537597115422474241	-3
537655704942047233	-3
538289419808415744	-2
539372108783300608	-2
539578005165973504	-2
537600522602438656	-2
537242543088738304	-2
538138264998539265	-2
539437367682433024	-2
539578423484903424	-3
538334477987373056	-3
538286866395852800	-3
538287145551921152	-2
539492796030517248	-3
538047750970277888	-2
539485329682882562	-3
539204154762477568	-3
538336636829200384	-3
538052162098835456	-3
539373558666125312	-3
539576663303262208	-3
537241588087672832	-2
539433875903356929	-2
539582695643152386	-2
539485413665431552	-3
539437645823496192	-2
539370573848383488	-2
539372778412335104	-2
538139385875955712	-2
538045667936325632	-2
537242795237720064	-2
539581217621164032	-2
538000271633551360	-3
539204407632887809	-2
538291298445570048	4
539206531452260352	-2
538291270591201280	-3
538133409374420992	-3
539574990484828160	-2
537652762801348608	-2
537654388119318529	-2
539366804888780800	-2
538048254853017600	-2
538053627890659328	-3
537595130870771712	-2
539373951060021248	-2
539487344253239297	-2
539581189699698688	-2
539437227546542080	-3
539202560687874048	-3
537659234880847872	-2
538045903937224704	-3
539580657492840448	-3
539368034172141568	-2
539198892655779840	-3
538048821562204160	-2
539367335900217344	-3
539726316896260096	-2
539488767976153088	-2
538134444633489408	-2
538337676563599362	-2
538139105709002753	-2
539372944565481473	-2
539199619964866562	-3
539437897230069761	0
537248000939413505	-3
538337903982948352	-2
539725398758928385	-2
539489018686500864	-2
537657019805990913	-3
539371495035006977	-3
537956556177178625	-3
539205217804623873	-3
537958402539139072	-2
539726233643548672	-2
539203289066532864	-3
539488013823520769	-2
538006068082003968	-3
539370741217914880	-3
537246212077150208	-2
538293094119383040	-3
538337961080016896	-3
538292449660391425	-2
538332006405668864	-2
537653210434252800	-3
539577837590966272	-2
537952769077157888	-2
537240526148616193	-3
539490247374278656	-3
537952266280783872	-3
537248112965062656	-2
538011193034940416	-2
537599992522108928	-2
537601416056291328	-2
539368145669357568	0
537952153927954432	-3
539433931721166848	-2
539369540241858561	-3
539367531493216256	-3
539577977148047360	-2
538000968550723584	-2
538338494268334081	-2
539440133905584129	-2
538052133997002752	-3
537655312980148224	-2
537596164221435905	-3
539724594262069248	-3
538009847850364929	-2
539494489224536066	-3
538006599705841665	-2
539438791506010114	-2
539581497062469632	-2
539433123101290497	-2
539491311095914496	-2
539580154268631040	-3
538046381043486720	-3
539206084293300225	-3
539200937211232257	-2
539487288385101825	-2
539435158215331840	-2
539490107578142720	-2
539489213792911362	-2
539209378256408576	-2
539437673749159937	-2
539488349653041152	-3
537598706946961408	-3
538006935568928769	-3
538135715968974849	-2
537954273070698496	-2
538049379811471360	-3
539208342926020608	-2
537654612288102401	-2
539575882990776321	-2
539578898011684865	-2
537243804441788416	-2
537959438452547585	-2
537599629375066112	-3
537244838966874112	-3
538291354234015745	-2
537594152486457344	-2
539447468073562115	-3
537247580934385664	-3
537601779077509120	-2
539490387321442304	-2
537954691595108352	-3
538004616756338688	-3
539439015624454144	-3
539205581866024960	-2
537597925346787328	-2
537652539735670784	-2
537595074964889600	-2
539486000918323200	-2
537246100294729730	-2
537248252589248512	-2
539578256169906176	-2
537651503092465664	-3
539438233218973696	-2
539371968936837120	-2
539438177153736704	-2
539367112389980160	-2
539372694647885825	-3
539726734443429888	-2
539486337590898688	-4
538336356771307521	-2
537598734897803264	-3
539575995339407361	-2
539206894049824768	-2
539573984191602689	-2
537243469199466496	-2
539575437509537792	-3
538005732416028672	-3
539438875773796352	-3
539202364918747137	-2
539366860740128769	-2
539200517176819712	-3
538005760320765953	-3
537955692943269889	-2
538334785845100544	-2
539367838579195904	-2
539373390893965316	-3
538337536511578112	-2
539581748511002624	-3
538293904471506944	-3
539575687515209728	-3
539575576894652416	-3
539203903209107456	-2
538048539570757632	-2
538292589603356672	-2
539372499612733441	-3
538292842473750529	-3
538050405910208513	-2
539490135604482048	-2
538135547756412929	-2
538008390073843712	-3
538333862733287424	-2
538134416665903104	-3
539487204272517121	-2
538045574969569280	-3
537952601565036544	-2
538008194522812416	-2
538292870495879168	-2
537653353430659073	-2
538291157156249600	-3
539373614710390784	-2
539582140611297280	-2
537599713030447104	0
537956835878526977	-2
539368285163491328	-3
537953131855110145	-4
538008977473560576	-2
538047636587442176	-1
539201833567551488	-3
539724952765988864	-2
538331838872559616	-3
539368676127150080	-2
539208650146185217	-3
537657915348647937	-3
537599852826607616	0
538287767168770048	-2
539439379195101184	-3
538333020852604928	-2
539725870475513856	-3
538289757546369024	-3
539503890165530624	-3
537594180403740672	-2
538292337240440832	-3
537954328964005888	-2
538332147367829505	0
539369095897317376	-2
538138795863191552	-3
537651726091038720	-3
538292982282461185	-2
539575521534042112	-3
537957757664915456	-2
537613316793724930	-2
539203624090353664	-2
538338438245015552	-2
537595941407432705	-2
539492488063778816	-3
537955525217247232	-2
539574149715197952	-2
538131382166650880	-2
539579930397659136	-3
538052864195981312	-2
538290681044037632	-2
539368257313325056	-3
539575548847357952	-3
539205329578639361	-3
538005340286377984	-2
537601611317923840	-2
539440022114811904	-3
538046323321479168	-3
539437590479654912	-3
539577809732399105	-3
538006907643236352	-2
538133381469724672	-2
539438540506292225	-3
539435856420175873	-2
538009229370859520	-3
538131634403672064	-3
539580070055391232	-2
537599740985499648	-3
538052414994415616	-2
539489129793601536	-2
537958879322447872	-2
538048567504826368	-2
538048339124953088	-2
537951901577646080	-2
539487873578569728	-2
537659178974986240	-2
538338944560410625	-2
537658336855195648	-2
538337284652019713	-2
539367754831523840	-2
539440301509976066	-2
539491171228459008	-3
539202280839729152	-3
538293960444502016	-3
538138544787972096	-3
537600438863159296	-2
539435884538781696	0
538006879528845313	-3
537657467636056065	-2
538292084500070401	-2
538132143604772866	-2
539371410716909568	-3
539371382740889600	-2
538134305101586432	-3
538334226165551105	-3
538047207724040192	-2
537956166782181376	-2
539577108990009344	-2
539371102813057025	-3
538156016118943745	-2
539204182675578881	-3
538337788379553792	-2
537659151112224768	-3
537652623646945280	-2
539203147286450176	-2
539491254971932673	-3
538053391331913728	-3
539580937030631424	-3
539373363073138688	-2
539433178067632128	-3
537596025100599296	-3
538137593561759745	-3
538050494389043201	-2
537594460037992448	-2
539433205481623553	-2
539492376423964672	-2
539579846712889345	-2
539438596533784577	-2
539491957786292224	-3
539202700995727360	-2
537959410564599808	-3
539486392972476416	-2
539725982190825472	-3
538335461752983553	-3
538052777910759425	-2
537953884300668928	-2
537953299409170432	-2
537243972285267968	-3
538338522181410816	-4
537954301029933057	-2
538049199057928193	-2
538138935361556480	-2
537654893377777664	-2
539440608709193728	-2
539574430402641920	-3
537594879220940800	-2
538294071992020992	-3
539200096609767424	-2
537952657324142592	-3
537958374588305409	-3
537599182765584384	-3
539578674899857408	-4
537241756052766720	-3
537243075102658561	-2
537653828431388673	-3
538294662227034113	-3
537655201315168257	-2
539210467299037184	-2
539368619395010561	-2
537596275831869440	-2
537245287077912576	-2
537241954267197440	-3
538137789251219456	-2
538132986085273600	-2
539438205129748480	-2
537245370846576641	-2
538133521249095680	-2
537594571950411776	-2
537598176287789056	-3
538051988626628608	-2
539371467184832512	-2
538286437595381760	-2
539370908285415424	-2
539435103534206976	-2
539440804851634176	-2
538290821565800448	-2
538291410714521600	-2
539209741592170497	-2
539440217225461760	-3
539573929120399360	-2
539725287404371970	-2
539371829249720320	-3
539440917045080064	-2
538138097461243905	-3
539369512966324224	-3
539492208769245184	-2
538009650202165248	-2
539436416061960192	-2
539437170940186624	-1
539488153275727872	-2
537955163496267776	-2
537244811041193984	-3
538303703250268161	-2
538334170339373057	-3
539374062670479361	-2
539204966314176512	-2
539578339816914945	-3
538047439161524224	-3
538133772982829056	-3
537653577255518208	-3
537655537010491392	-3
539434015200391168	-2
538008278295658497	-3
537612566642454528	-3
538286978270494720	-2
537658786304241665	-2
539726650502840321	-3
539367698938224640	-2
539374202558902272	-2
538331782882799616	-2
538290010584539136	-3
537244502839549952	-2
539208286843990017	-3
537242963244761088	0
537657103843082240	-3
537651530527412224	-3
539576357416886273	-3
539432738160672769	-3
539438008962121728	-2
539726205575249920	-2
539435745011052544	-3
538052471021920256	-3
538138069497831424	-3
538132003649236993	-2
539368117810761729	-2
539367224109465600	-2
537654835533713409	-3
539370462313459712	-3
537244475001942016	-3
537601499212550144	-2
537659067108704256	-2
539440524873453568	-3
537956667770806273	-2
538335349966381056	-2
539579427966160896	-4
539439071618404352	-3
537601974913740801	-3
539576997710929921	-2
537595885551902720	-2
539583416832782336	-3
538048737734836226	-3
538335740951031808	-2
537245960767037440	-3
539438959332720640	-3
539367810775146496	-3
538294466613092352	-3
538293206224740353	-2
538286354653011969	-2
538335094566817792	-2
539435130893643776	-2
539433260796092418	-2
539439686398525441	-2
537613483701829634	-3
539367671071272960	-3
539486896519651328	-3
539580041995509760	-3
538292028724232192	-3
538135043303305216	-2
538022149290590208	-2
538000492321058816	-2
538138209126215682	-2
538133241610641408	-2
538138125332406272	-2
539581972352598016	-2
537601025562402816	-3
539574094514384897	-3
538007215240929280	-2
539488712330330113	-2
539575939274125312	-2
539202924375965700	-2
538288159306817536	-2
538289589166018560	-2
538004644111581184	-2
538291914408493057	-2
539581329361625090	-3
538139357950267393	-2
539206307577077761	-3
537246910722347008	-2
539577612172283905	-2
538291185165811712	-2
537959662097031170	-3
538001555921047552	-2
539439994096865280	-2
539726344297656320	-2
539725036605964288	-2
539372248667549696	-2
539486168996655107	-2
537247721091256320	-2
539210411372208128	-2
538139246390169600	-2
537658478119374849	-3
538338832299864064	-2
539580349656084482	-2
538049083739762688	-2
539440496771600386	-3
539575604182798336	-3
538138823751135232	-3
539369207008595968	0
539204658515181569	-3
538137733404061697	-3
537600299972968448	-2
537955720260767744	-3
537654695503085569	-2
539367391655129088	-2
537652230711939072	-3
539209320039456768	-4
537243159244574720	-2
539725842570825728	-3
537598148366303232	-2
539201749232668672	-2
539437534619926528	-3
539201721256648704	-3
539437479410274304	-2
537248028814753792	-2
537656041224552448	-3
538010913190973440	-4
538290289845473280	-2
539489381749624832	-3
538011025208270848	-3
538007830369140736	-2
539435269733494784	-2
539575715629637632	-2
539435381541060609	-3
539486253193113601	-2
538134248822427649	-2
538053543417360385	-2
538049551157194752	-2
539373923142729728	-2
539437813402697728	-2
538294606417649664	-3
539579483658133504	-3
538137480361705472	-2
537594236464791552	-2
538010240793706496	-2
539578981285392385	-3
537598315873832960	-3
539492963559411712	-2
538019198614507520	-2
539488209080946688	-4
538291129218007040	-2
539369792340512769	-3
539726010066161664	-2
537651279544459264	-2
539580461941788672	-2
539440468871098369	-3
537954162009718785	-3
539209236249841664	-2
538134080806993921	-2
537244978855313408	-2
538133744948097024	-3
539576106442305536	-3
538135267107172352	-3
539209713540694016	-2
537953577709613057	-3
539582084604776448	-3
537951622052458498	-2
537243832552001536	-2
539369959886188544	-3
539579316724838401	0
538009791986429952	-2
537597393928462336	-2
538334729708535808	-2
538335769048662017	-2
539206838026526720	-2
537653856449347586	-2
538332373310795776	-2
539437841319985152	-2
539492684344619010	-2
538291101216808960	-3
539579762856165377	-2
538007774559735808	-2
538047467108204545	-2
539439518693466112	-4
538053827313029120	-2
539360862814105600	-3
539487372204056576	-2
539575771581644800	-2
539373699645059072	-2
538293066168565760	-3
538287061930082304	-2
538137929273851905	-3
539440161202139136	-2
539433512076849152	-2
538139302044401665	-3
539203875300192256	-3
538052921389514752	-2
538336020404895744	-2
539204826643828736	-2
539488600338219008	-3
539487260308430848	-3
539370796251381760	-1
538048226990247937	-4
538287963789344769	-2
537600969295794177	-2
539578032621907970	-2
539209153190051840	-2
539457729685766144	-3
537952852803858432	-2
538336384688603136	-3
538290038573113345	-3
539198976692846592	-2
538292393641263104	-3
539438149089632257	-3
539200573187575808	-1
538291970192736256	-3
538292169568964608	-3
537654863728214016	-2
539484994587361281	-2
538004836600807424	-2
538021954670706688	-2
538004754014957568	-2
538007634797146112	-2
538045639503130624	-2
537600941361758208	-3
537952070188675073	-2
537245820824084480	-2
539369652129116160	-3
539579790798626817	-2
539370043839373312	-2
537955636886372352	-2
538046949946294272	-4
539436806673301504	-2
537247106365685760	-3
538334869672427520	-2
537600132490199040	-3
537956111014719490	-3
539201272998805505	-3
537599098564931584	-2
539490582901817344	-1
537594348234637312	-3
538009005369884674	-3
538007858290626561	-3
539575074379276288	-2
539487845648719872	-2
539209517733806080	-2
538294352100212736	-2
537595606676811776	-3
538049850383036416	-3
538132339009015808	-2
539487428034449408	-2
537240665932193792	-3
538293457685860352	-2
539436835198738432	-3
538131975677440001	0
539372639366938624	-2
538131578296467456	-2
538134873727582209	-2
539726177616011264	-2
538005172367400961	-3
537654500149186560	-2
538335150447550464	-3
537595438954971136	-2
537655369116700672	-2
537245062732992512	-2
538008334268637185	-3
539488125186473985	-3
537953522395131904	-3
537595326798901248	-3
539201133626269696	-2
538053940366295040	-2
537245736052989952	-3
539725370808098816	-2
538053188403085312	-2
537657803629137920	-2
538009398623617024	-2
537653521295110145	-3
537954775380549633	-3
539438987367440384	-3
538131438022180865	-2
537658674425376768	-2
538287514466123776	-2
539206223732932608	-2
539200853396447233	-2
537653688580702208	-2
538046892786343938	-2
539491143080476672	-2
539203035554406400	-3
538053968216481793	-2
537958683020652544	-2
537651642276278274	-2
538134817867841536	-2
538009426545115137	-2
538288047553789952	-2
538010464979255297	-3
539440833091887104	-2
538007382828548096	-3
537597366023770112	-3
539204938254286848	-3
538008110661918722	-3
537657244012531712	-3
538053103313223680	-2
539487622583058432	-3
538045962892349440	-2
538000632989642752	-3
538135239147913216	-2
537657439676805120	-2
537595102940913665	-3
538052834093465602	-2
538132479677562880	-3
539576051245281280	-3
539490526954004480	-2
537245398919036928	-2
537600578436993024	-2
538335206315655168	-2
538134901552599041	-3
537245090646077440	-2
538049410568302592	-1
537246239981862912	-2
538336496504537090	-2
538051623596343296	-2
538294690182090752	-3
537245426895036416	-3
539438512605786112	-3
537652427840040961	-2
538052499169902592	-2
539203063517839360	0
539488460416249856	-2
538138181183741953	-2
539199760235003904	-2
539575242491174912	-2
539578144400105473	-2
539207782965469185	-2
537954496698413056	-2
539484830464229376	-3
538338860187799555	-3
539204742560624640	-3
538333412277624833	-2
539574067129753600	-1
539368424569602048	-2
538050200951357440	-3
538134761601236993	-3
539208705896890369	-3
537655788689711104	-2
537656404107350016	-3
537953828810018816	-3
538015832102539264	-1
537242823486369793	-2
539488181172051968	-3
538289617070735360	-2
537598902850314240	-2
538053423909076992	-2
538045696562442240	0
538136921072238592	0
539489967756812288	-2
537957730234142721	-2
538054225780310018	-2
539726846162911232	-2
538138907280683008	-2
539433987757076480	-2
538132591451578368	-2
538335290797342720	-1
539488265355952128	-2
538005368514035712	-2
538136361703055360	-2
539489241781522432	-3
539581050004185089	-2
538335377921417216	-3
537656740029136897	-3
539199424325754880	-2
537242122047733760	-2
537242206114168832	-3
538004892552806401	-2
538288526933393408	-4
537599657200062464	-2
537595494852472832	-2
537655984978952192	-3
537655257082634240	-3
538335321998761984	-2
539489772516167681	-2
537952908617457664	-2
539581133852532736	-2
538000912523202560	-1
538286950340644865	-2
539372806300262401	-2
537244363097911298	-2
539452985751789570	-2
538334925683187713	-2
539491985145729025	-2
538000520183832576	0
539370183291592704	-2
537655928993361920	-3
539485580829392896	-3
539368452382031872	-2
539726289541033984	-2
537656767950626817	-2
539488935379226627	-2
537952462213505024	-2
537959214577385473	-3
538332964451393536	-2
538292729907003392	-2
537956947581239296	-2
539575967380160512	-2
539373419066687490	-2
537243524916576256	-2
539488739790454784	-3
538287599694405632	-2
539488879611752449	-2
537246938819985408	-2
539580489854906368	-2
539485469546139648	-2
538046707519721472	-3
539485693366788096	-2
538287655499616256	0
538050579667632128	-2
539208426510114817	-2
538010829137117184	-3
539205050149908481	-3
539209908546437120	-4
539576718533873664	-2
538052017001082880	-2
538332656606662657	-2
539492264742252544	-3
539198807775645696	-2
538293150385971200	-2
539199284143726592	-3
538337396296003584	-2
537656488022798336	-2
538288861634658304	-2
539575214351609856	-2
538009875935412224	-3
539369596281958400	-2
537953411237707776	-1
538053912000233472	-2
538138153279049728	-3
538335122601545728	-2
539579288862097408	-2
538335796953354240	-2
539490836191264768	-2
539369680092528641	-2
539490023532662785	0
537652062608441344	-3
538290877295525888	-2
538336468499202048	-2
538052387064537088	-1
538050144064008192	-3
537652595729661952	-2
539579902484561920	-2
538334394235498496	-2
537653014413447168	-2
538005900234330112	-2
538052690430160896	-2
539580265996509185	-1
538048483870400512	-2
538337592346152960	-2
539205637755117568	-2
537656935961862145	-3
539574346415874049	-2
539489325608878080	-2
537954635768934400	-2
537957926095560704	-3
537959326712070145	-1
538005396469059584	-1
538286636711575552	-2
539368648159559680	-2
538289701623726080	-2
537598008675016705	-2
538135743903068160	-2
539201469908811776	-2
539376338788810752	-2
538046621783949312	-2
539373502907043840	-2
538290737943961601	-3
537657327907000321	-2
538009145438646272	-2
539574486350462976	-1
539372192459665408	-3
538291578390216705	-2
538005928185167872	-2
539434462824919040	-3
537651167535591424	-2
539200012526551040	-2
537597617468088320	-2
539200265682161665	-2
538337143761166336	-2
538138768067526656	-2
537656236926578688	-2
538335178356453377	-2
539576914139435008	-2
539435689650421760	-2
538288666343657472	-2
538007606871486464	-2
538000326327304192	-3
539436079838134272	-1
539202644838211584	-2
537657971543920640	-3
538004948546760704	-3
538289842653003776	-2
537957115059789824	-2
537652146624561152	-2
539577220772413440	-2
539368760130699264	-2
539367447355490304	-2
538293345853124608	-2
537654024729010177	-3
538290905766445056	-3
539389810155085824	-2
539492152964042756	-2
538047179739627520	-2
538139019151155200	-2
538048652561117184	-3
537600160407511040	-3
538009482471956485	-2
538005004511379456	-3
537953718009077760	-4
538131947340713984	-3
539575382257979392	-3
539209601624068096	-3
538007187348803584	-2
537245342975406080	-2
539440664627642368	-2
539580629596512256	-2
539488907508076544	-2
538004976610865152	-2
538136332737204226	-2
539724813963915264	-2
538334757604818944	-2
539492013104967680	-3
537241252899876865	0
538290793740795904	-2
538336076260450306	-3
539439602663456768	-3
539373140208803840	-2
537600383699677184	-2
538294268377710592	-3
539371661364305920	-2
539200124837457920	-3
539489884260798464	-2
537957590689652737	-2
539201189708300288	-2
538010268778123264	0
539201413294063616	-3
538050052456194048	-2
538050377636384769	-2
538009257363648512	-3
537593816048750592	-2
538287852095016960	-2
538048709410709504	-3
537653042423037952	-3
538291634447077376	-3
539370155420418049	-2
537597897416933376	-2
538338130131423232	-2
539203259790295042	-2
538049345674027008	-2
538337988976328704	-2
537652399650144256	-3
538006040231809024	-2
539201049731792896	-2
538306548062109696	-2
537240470163058689	-2
539209769413017601	0
537956584161550336	-2
538291606517207040	-2
539203680164380673	-2
537652874109804544	-2
538046677744373760	-2
537957870219034625	-1
538131466107252736	-3
537597505740238848	-2
539372276542873601	-2
538333440182321152	-2
539725537246474241	-2
539205721603457025	0
539581804450443264	-2
539439574536454146	-1
538332908482994176	0
539435214452563971	-2
537601053433540608	-2
539486421401477120	-2
537657047765241856	0
537959494375178240	-2
537596387488456705	-3
539438624572719105	2
538135883598536704	-3
537954663702986752	2
539371522910343169	0
538331670253166592	-4
539487064346353664	-3
537243944439271425	-2
539578646919667713	3
537658027441389568	-3
539492069182832640	-4
539440189308166146	0
537955136069701632	-2
537959606195339264	-3
539207894697537536	-2
539579540188975104	-3
537956639916441600	2
538336525235519488	-3
537658365330333697	-2
537662229873565697	3
539438847789379584	0
539439434996154371	-3
537652202702393345	2
537597589525655552	3
538006236156166144	-2
538294634381066241	-2
537244615255293953	3
539725175689064448	-2
537653070466125826	0
539579734989213697	0
539440245553762306	-2
539490555005501441	-2
539205161940680705	3
539208538292490240	-3
539440636727144448	-2
538010156727275520	0
537651223575666688	3
539204210806775808	-3
537658983046447104	3
538137284420587521	-2
537957310405296130	2
539366666938114048	-3
539487761699721216	-3
539370434412941312	-3
539439909971697664	3
538136164667228162	-3
539485301753012225	-3
539491423020908544	-2
537599685171879936	-2
538000216864329728	-2
539574571574525952	-3
538133325614153728	-2
539490443147624448	-3
539433679698026497	-2
539436135685308416	2
539489157933178880	-3
537952964435271680	-2
537246379979329537	-4
537595578780508160	-1
538306269824548864	-3
538131606247329793	0
538292197452681216	0
539366888745476096	3
538289308105707520	0
539209347390513153	-2
539435940385939456	-3
539724785891442688	3
539490864259956736	4
539491031260348416	-3
538010352576131073	-2
538049880640741376	-3
537657719663394817	-3
538294380579532800	-3
539493187996622849	3
539486812272869377	-2
539490219494768640	-1
539484768568901632	3
539726037987631104	-2
539579344101081088	0
539439854153912320	-2
538011333263126528	-3
538332880506986497	-2
538293737403985920	3
539373811687522304	3
539395854008737792	-3
539367196112453632	2
537954830552403969	0
539445110379802624	-1
539440105896022016	3
538004809283272704	-3
538135575791149056	-4
539486616994459648	-4
539435241803628544	3
537601695313059840	-2
537598819069087744	-3
537244559068393473	-2
539434406944202753	-3
537600662180462592	-3
539489800500555777	-3
539491842510041088	0
538139189674799104	0
538135519562309632	-2
537242178041286658	-3
537953912213749760	0
539724731235438592	-2
539360556265013248	-2
539491507183824897	-3
539374034732191744	3
539492236661358592	-4
537658534385950721	-3
539485777542262784	-2
539439937893183488	-3
538009117479428096	-2
539579986295136256	2
538006515576492032	-3
538134474425647105	-4
539369624232800256	-2
539207755157241856	-4
539201945198931969	-2
539373867379462144	3
539438679815897088	3
539485721514754048	-3
539373223524433920	-2
538289364019994624	-2
538011165138640896	-4
539432765595607040	-2
538005956144410624	-2
538134332989538304	2
537658506275749889	0
538335010609430528	-3
538287117664006144	2
538292112547397632	0
539438429151711232	0
539489716572536832	-1
537600550528110592	-2
539580741211160577	0
539374146539753472	-3
537240442191233024	0
539485665273339904	3
539368507641978881	0
538052046835163136	-2
538337932978184193	-3
539490694784905216	0
537655900786675712	3
537654191968497666	-3
539371075529097216	-2
538335992424714240	0
539436051732123648	-3
539373530790785026	-2
539575158122741761	0
537242431243427840	-3
539205022236827648	-2
538134789464010753	-2
537959717931593728	0
539434211426709504	2
539578116566704128	-2
537656125093842945	-2
537651029618458626	-3
537248196716920832	-2
538137705520316416	0
539488851807711233	-3
539368591477714944	0
539486868442996736	3
539202169426415616	3
539576162444656640	0
538051460630872064	4
537957450348236800	-3
539577527631880192	-3
539581553035464704	0
539373251429171200	-1
539577949272670209	-3
538289673609945088	-2
539576273711157249	2
537958346574557185	-3
538004781345038336	4
539360363247304704	-4
539437757584904192	-2
538010015949684736	0
537958514438995968	-3
538291522354315264	-3
539490163572113408	-2
537652846637113345	-3
538286548413079552	-2
539380664198365185	-3
538291213154414593	2
539487705877737472	0
539438485326004225	-3
538338664619978752	-3
537246464142233600	-3
539581636741177344	3
538051679460278272	-3
537247665235705856	-2
539436360080584704	-2
538049964728147969	-2
537650847522775040	-2
537658450214682624	-4
538138432661651457	2
539491367031152640	0
538051404557197313	-3
538139329982660610	0
539434573260939265	-3
537954078803120128	2
537656348138545152	-2
539370769026129920	-2
539199592022409217	-2
537658422133800960	-2
539581776587677697	0
537655061317709825	-2
538133493373747201	0
538332852673581056	3
537243355328299010	3
539433316806836224	3
538290709770813440	3
537245932837163009	-3
538050954571300865	-2
537654304023535616	-3
537244335113523200	-3
539360390627729408	-3
537242261856452609	-2
539205972146008064	0
539489409704677376	-2
538010969419816960	-3
539438344972017664	-3
539440273500413952	2
538291073307901952	3
539435465427152896	-3
539203091422515201	-3
539201328934027266	2
539435075512061952	0
537596136262209536	-2
539578479290122240	0
537652818694635520	-3
538133297688510464	-2
537243916576509952	-2
539371997084413952	-2
539370406449516544	2
539492125109669888	-2
539372861463728128	3
538293876591980544	-2
539438707649286144	-2
537599573485973504	0
539374230438440960	-2
539435577385304065	0
538001416041017346	-3
539490415251320832	-3
538142580026777600	-2
539576496801980416	0
538150212775063552	-2
538293765270958080	-4
539439965953069057	-3
538007746638282752	3
539433735792631808	-2
538008474010255360	-3
539371047607611392	-3
539438092890157056	-3
539435661674414080	-3
537952880662437888	2
538288187211517953	3
538047974799335424	-3
539206782011580416	-2
539435633681645568	-2
537958038192533506	-2
538333160581648384	2
538293988399538176	-3
538133098316431361	-3
537655005311156225	-4
537658758412111873	2
539372304414015488	-3
539436947459289088	-3
538337201072115712	-3
537657411818250241	3
537953271470903297	3
539577641675018242	-3
539439099594440705	3
539574598912991232	-3
539200965342425088	-3
537594683657306112	0
538131891325767680	-3
538289168640921600	-3
539726428158586880	-3
539204882528763904	-1
539370378528030720	-4
539486112805572608	-3
539455509716160513	-2
537598259725074432	0
538139133680840704	-3
538006824285634560	-1
537958430439661568	-2
539489185917587456	-4
539370880347148288	-2
539369456938799104	-2
539580321784954880	-3
539439658451873792	0
539366944621993984	-2
539725814615789568	-2
539370127398289408	3
537650974786326529	0
538006319941582849	0
538001024527896576	-2
538335516991946752	3
539578535380529152	2
538293681435197440	2
537655816627961857	-3
537657859547602945	-2
538292701880651776	-3
539490947990835200	-2
537239969577050112	-2
538287089755127809	-3
538136781318012929	3
539370211162722304	-2
537247497232855040	0
538006375792934912	3
539367000364314624	-3
537247274066518016	2
537652567711678464	2
539581245525876736	-3
539574514439708672	-2
539579651891671040	-3
539199340125114368	0
539440776993067008	-3
539437953140146176	0
539208482336292864	2
539491339143229441	0
538293373820755968	0
537657355853660160	-3
538053740298010624	3
538333244148961280	-3
537248085010042880	0
538001332226256898	-2
539208118782414850	-3
538009594438885377	-3
539198920677928960	-4
538008362131419137	-2
539437255623204865	-3
539369262348263424	-4
539199647903121408	-2
539373084361621504	-3
537958935387701248	2
539580433005309952	0
538294410740789248	-2
538333636014379008	-2
537958823034896384	-3
538333328337010688	-3
538331754835496960	-2
539576190487760898	0
538054052433887232	3
537956138915205120	-3
539486448911908864	-3
538137116812017665	2
538005228432654336	-3
539206251746701313	-2
539581692546387968	-3
538336665329479680	-3
539579511562833922	-2
538134052008886272	-2
539439183514075136	-3
537261298463936512	0
537955859402612736	-2
539488097109815296	0
539492432283697152	3
539204910408278017	-2
539370267018276864	-2
539575186258153474	-3
537596864351436800	-2
537957814334136321	-3
539576830228185088	-3
537247973001158656	-2
537959634125197313	-2
537953801492520961	-2
539489744494010368	-2
538336272561893376	-2
537952238271201280	2
539435772890611712	2
538010857314459648	0
539582196475236353	0
539577136932483074	3
538291829767426048	0
539375035639549953	0
539487232344989697	-2
539370629544558592	-2
539485917292298241	-2
537600913440243712	0
539435437518229504	-2
537951789619101696	-2
539368006334554112	-1
539367643124604928	2
539432710830555137	-2
539201441932775424	-2
539581273506058240	-2
539401675060944896	0
539435018888941568	-2
539201244934709249	-2
539208230938116097	-3
538338270560940032	-2
539367279952420864	2
538133940335546369	2
539369429067636736	-2
538051236260741120	0
537240247202234370	-2
538333104717692928	0
539574318519578624	-3
539489046582816769	0
537240833876295680	-3
539725315300663297	-4
537654779359821824	0
537597953373138944	-2
539367726922620928	-2
539199480193884160	-2
539491619071090688	-3
538045934731812866	-2
537244950707314689	-3
539493132120100865	-3
537593498263097344	3
539581608823902210	-3
538049438934372353	2
539371326667255808	2
538049226992009217	3
537596053009489920	3
538010577390813184	3
539369039597174784	0
538053683670712320	0
539725786786594816	-2
537655425043550208	-3
538132227419561985	-3
539367056345677825	-3
538137032951095297	2
537951986180964352	2
539435186501713922	-3
538009033425567746	2
538136025114378240	-2
537954608388530176	3
538131326218801152	0
538292000785969152	-3
537958794941460480	2
538007047703650304	-2
538135127256498176	-3
539578200196915200	-1
539371885092687872	2
539726511419715584	-2
538045490278191104	2
538136304899616768	2
539368340897406976	-2
539435047464755200	-3
537651475179384832	-2
538332628760674304	0
538334281949786112	-2
538010661234937856	0
537601137013444608	-3
537658083569590272	-3
539439295367741440	-3
539436583905411072	3
538131662396485632	3
538334533935177728	-3
538332317354582019	0
539372888693153792	-3
538332035073720320	-2
539726372340760576	0
539439351185571840	-1
537593622812979200	0
537241224957411328	-2
539577893480054784	-3
539724621617303552	-2
539369401188093953	-3
539210159802036225	-2
537653912804003840	0
537596192113577984	0
539360528322555904	0
538333524479463424	-3
539485134391881729	-3
539201889595064320	-2
538300473774575619	-3
539490722723135489	-2
537657579431006209	-3
538046921001406466	-3
539368062043320320	-3
539489549471457280	-4
538049494869618688	3
539493104064405504	-2
537954913972928512	0
539490920123879424	-3
539581161866276865	2
539577192758644736	2
539726093750910976	3
539433288772124674	3
538289926291607552	2
537654639609806848	-2
539439798143188992	-3
539360472974503936	-2
539436219726184448	-3
539440720638398465	-3
537956975536259073	-2
539199396467208193	-2
539203540322099201	-2
538336104408432640	0
539574851087118336	0
537255583867355136	-2
539200993410703361	-3
539369708047597568	-3
539492656372789249	0
538008865691164673	-2
537954468755931137	0
539724897292156928	3
539578060627275776	-2
538010633275711488	-2
539487985918816257	3
538052359197577217	-3
538053071914672128	3
538289814689558528	-3
538290485534552065	-4
537245708047642624	3
539366639431868416	-2
537657131760381952	-2
539491646912868352	2
537956780153012224	-2
538047008410710016	0
539487929778069504	2
539726790185742337	3
537597199455387649	-3
537652258641833984	-2
539209685619208192	-3
537241643918045185	-3
537599796987822080	0
538007299114405889	-3
537243243407495169	-3
539726678378156032	3
538292365342302208	3
539487483269218305	-2
537247944978993152	2
539577248815525888	-2
539209825344036864	0
537599321932587008	-2
539485022743703553	3
538136585611788288	2
539575493646094336	0
539435716963753984	-2
537247050535305216	-2
537957031408574465	3
537651782818996224	0
538136529697505280	-2
537596331687444480	-3
539373279551975424	-3
537655760831135744	-2
539579874592452608	-2
537599377876209664	-4
538332062936481792	-3
539367028277387264	-2
537654360231399424	2
539199844284633088	-3
538051038818086913	0
538051010577858560	-3
539487567335682048	0
539488069649719296	-2
539487400108781568	-2
539360278828572672	-2
539577499714588672	-2
538048877732306944	-4
539434099073875968	3
537951566092075008	-3
539198948792336384	-4
538338972444143616	-2
539202868390404096	0
537596555315134464	-2
539436499998359553	-1
539436891171733505	-3
537955608939749376	-2
539488041786933248	-3
539577555595300864	0
539491563161022465	0
538131130986545153	2
537657635626295296	0
539199900614152192	-3
539492572360888321	-4
537600020720410624	2
537959103348629504	-3
539484857844645888	-3
539578563423649792	3
538293178311651329	0
538049993098424320	0
539433707762089986	-1
539573818537566210	-2
537245876763500544	-2
539372583356235776	-2
539432792938270720	3
537653154297675776	3
537654584333049857	3
539726595272228865	3
538005872237371392	-3
537954217714266112	-3
537957785548648448	-3
539485106302636032	2
539433623477555203	-2
537240581941260288	-2
539581832405471232	3
539368312984305664	-3
538131718356865024	-2
539205805573414912	3
538136277011673088	-3
539440440840167426	-1
538286299816673280	3
539485973030371329	0
537951318456143872	3
539373307347615744	2
539574234260180992	-2
538136136749957120	-3
537601164389666816	-3
539455788087906304	-2
539203512262209537	-2
539489660549226496	-1
539371801072394241	-2
538288247437541376	-3
538335038602231808	3
539574206292566016	0
538286838289805312	-2
539581077950828544	0
537657999423471617	0
538337087842697217	-3
538052662579957761	2
537241392368852992	-3
539487036399702017	0
538287935762989056	2
538337844629360641	-2
539725454585106433	-3
537652707478499328	-4
537598651523432448	-3
538136417566990336	3
538294324174520320	0
538053245084893184	-2
537652483708162050	-3
539204070876381185	-3
537241420265185280	0
539432683508883456	3
539487817710436352	3
537240805870927872	-2
539439826161111040	-2
537956250034909184	2
538338608655376385	-2
539368983628382208	-2
539582056674914304	3
539485497576665089	-1
538000408430776320	2
537597981353324544	-3
537598847040892928	-2
538335629013417984	-3
539434880057487361	-2
539492516626956288	0
538009538545598464	3
539491814638891008	-4
538336216371175424	-2
539208510287147009	0
538135771883270145	0
537241112667516928	3
537614371774410753	-3
537658955124985857	-2
537245175375216640	-2
539199872097071104	-3
537658111818219520	2
537653324976496640	-3
537243776511918080	0
539371270748774400	-2
537593540717867008	-4
539209545638481920	-4
537600216153985024	0
538293932506222592	3
537958654969126912	0
538031889299152896	3
538333468116393984	-3
538045787759214592	0
539372667384913920	3
539198614531473408	-3
537600048755142656	-2
539580601679245312	3
537599405852225536	3
537614760687071232	2
538053131503169536	-2
539486952421347328	2
537246267962036224	0
539372052931948544	2
539368535626358785	-2
539575354223251456	2
538334645973422080	-2
538290429436112896	-3
539206754069139457	-2
539491394923270144	0
538137144817364993	0
538047834973814784	0
538336300659920896	-3
538053306271432705	3
539373755928424448	0
537653182433099776	-4
538292253320830976	0
538009173360119808	-3
538136473875533824	-3
538333749919088640	-3
539493048204664832	0
539372416032845824	-2
539725342806933504	0
539490191522938880	-3
539490051609362432	2
537954719575310337	-2
537242289765371906	2
539724980725231616	0
538131410155233280	-2
538000353598636035	3
539574682912313344	0
539439043684335616	-2
539489493624311808	-3
537243441328304128	-2
538133042288922624	-2
539578702884241408	-2
539492320530673665	2
538288749944524800	2
539580881103757312	2
538051208175714304	0
539581357308256256	-3
537241448262164480	-2
539369289703489537	-2
539370685366534144	0
537952350171058176	-2
537240024476319744	-2
537956724448444416	0
539199004719194112	-2
539370964149346304	3
537652090680905730	-3
539575046407462913	-2
539438457215811584	-2
539491758774964224	-2
537651978672037888	-3
539440357432635392	-2
539433067619024896	-2
538053571796008964	-2
539437087125426176	3
537594012660957184	-2
538131214302183424	-2
538131919347937280	3
537600885535563777	-2
538053275418132480	-2
538053770710904832	-2
538051432629686272	3
537597813342109696	-2
538007578929037312	2
538288387384700928	3
538336188458094592	-4
538050550135541760	-3
537601667383181312	-3
537951400475766784	0
539580853090009088	-3
539485861210243072	-2
537959522305064961	-2
537958571217268736	-3
539209208391278593	0
537249311377997824	-2
538136865204088832	-2
538134620722954240	3
539574711009947648	0
539198559527391232	-4
538130994080272385	-2
537600271975976960	-3
537241001388421120	-3
539205860841771009	-3
538051848440410114	-2
539368563514294272	-2
539439546602381312	0
537658871155003392	2
538029404421496832	2
539492740233723904	-2
539578730772176896	2
539573901756739584	0
538048199035191296	-1
538006431786893313	-3
539434071144017920	-4
539489437659705344	3
539373000362299392	-2
538289056950808577	-3
539368396685848576	-2
538289898319802368	0
539372611369971712	3
539200629244448768	-2
539581385301041152	2
539486197027176448	-2
539576886163415041	0
539201077699411970	0
537240191090823168	-4
538051876382859264	-3
537653996769775616	-3
539369763919908865	-2
537241559973244928	3
538336608823828480	-2
538288499041243136	0
538338776494649344	-3
539204798655242242	-3
537951957521276928	-2
537242487111569409	0
539372833580003328	-4
539580573782908928	-2
538332992771739649	-2
539576469354446849	-2
539577025716310017	-3
539491870750306304	2
539434155495673857	-2
539491115171586048	0
538048905653800961	-2
539436750675144705	-2
539490808043696128	-2
537598204125409280	0
538290961533911040	-3
538289112906989568	2
537601109112922113	0
539577332697423872	-3
539581860524081152	0
537658224208789504	-3
537654472009596928	-2
537954412900401152	3
537246436023611392	2
539370824231559168	-3
539373335168421888	2
537242515221803009	0
538052222702346240	0
538135911469707265	-2
539577781815111680	0
537953940139409409	3
537599433849200640	2
538165397682278400	2
539373056394035200	-2
538050926339440640	2
539203428799774720	-2
539503057281626113	0
537666557724217344	0
538335908660273152	-2
538286464837361664	-2
539488432285057024	2
538294494589124608	-2
537657216082665472	0
539578451326693378	-2
539205469987151872	2
539576246414618625	-2
538138684739297280	0
537594068650696704	-3
537956083101605888	-2
539435493377994752	-2
539371130969391104	0
539208035135406080	-4
539576580113453057	-2
539206056220823553	0
539491226979143681	2
539575270483980288	-2
537656097163972608	0
538337816338771968	-2
539580404920254464	-3
538337760403521536	-3
538335433806327808	3
538135491682779136	-2
537657271904657408	-2
539726261598556160	2
538286492339404801	0
537656852134522880	-2
539373028518662144	-2
539204714655928320	-2
539199675950452736	-4
539437283641139200	-3
537246156225798144	-2
538005480317403136	-2
538328687876124672	0
538049111954845696	-3
538133660940394496	-2
537596471588454400	-2
538052532078399488	3
539577865571164160	-3
537243019112894464	-1
538047495092576257	2
538132958214111232	0
538051152114634752	0
538008809818845184	-2
537593843940859904	2
537593956486627328	3
538008585855176704	-2
539369568364687360	-2
539576969873338368	2
538332259410268160	-2
539367084359438336	0
539725564568162304	3
538131103660642304	0
538049908553814017	-2
537957143002234880	-4
537600801578164224	-2
537956695969120256	-2
537953020185960449	-2
539198864654618624	0
539210495396683776	2
538337452310953984	-3
539576802264748033	3
537596808667856897	-2
537247609069776896	2
537658730511597568	0
537655480987189248	2
538311747749175296	0
538047381590536193	3
538005816214052864	-3
538290933616627713	-2
538290457382764544	-2
537661535980511232	0
539489604580421632	-2
538134360835506179	-3
538048990752034817	-2
539203203888599041	-2
538007802472857600	-3
539576134477041665	-2
539433456166768640	0
539205413733142528	0
539574822876229635	3
537594208354598912	-2
538005676505985024	-2
539372916568518657	0
539209292088614912	-3
539207922702884865	-2
537667307439284224	-2
539577388523606016	-3
539485245918437377	2
539432820457091072	-3
538336160410394624	3
537656599809392640	0
539209657685135360	3
539726483322073090	-3
538005536449765376	-4
539371940830806017	0
539369848061833216	-3
539208845617537024	-2
538338915883950080	-2
538051820523114496	-3
539205134073737217	0
538137424678121472	2
538288973173755904	-2
538293848725004288	-2
539576023290216448	-2
539433959768477697	0
538337340486590465	-3
538333806709989376	-2
537956500304838656	3
539366832810262528	-2
537245988663345152	-3
538133856545959937	0
538293569380175872	0
538337480320516096	0
539371019723898880	3
539601283217227776	-4
537244000227708928	0
537597143348166656	-3
537654977301585921	-4
538053041535344640	-2
538131802448486400	-1
539486532873498624	-1
539439407116615680	-4
538290373639290880	0
537653800438628352	-3
538048030730387456	-2
538335964532584448	-2
538138991196139520	-3
539209797376434176	-3
539487539372228608	-2
539442497835913216	0
537655117269716992	-3
539491730664726528	-3
538135099406299136	3
537956528251473920	-2
539371186946605056	2
539433095578255362	-2
538004864530677760	-3
539203372851933184	0
539485749591441408	-3
538051736431525889	-2
539493160054181888	-3
537240973466959872	-2
539484967244693504	-3
537953995370037248	0
537245231188824065	-2
538338186238636032	0
537651307566620674	-2
538138572667514881	-3
538293820895801344	-2
537656013084975105	-3
539580545710448640	2
539580825143357441	-4
539374118450520064	-2
539435297302646785	-2
539368927844126720	0
537656627831517185	-2
538294550541119488	-2
539370713363513344	-2
538006571662704640	-2
539581720493031424	-3
539484912643223552	-4
538293038288994305	0
538135995326418945	3
538294099938672640	-2
538137508325122048	0
538010100401975296	0
538288554909384704	-4
539491674859515905	-3
538001444155432960	-2
537954552562319361	-2
538046351935033344	-2
539574738969174016	0
538332345364148224	-2
539489297708359680	-2
537653465351483393	-2
537244390994219008	-2
539437506731986945	-2
539576385476775936	-3
537958851325480960	-3
539492851835764737	-3
538045156201467904	-2
539488990785986561	0
539391501726273536	2
539201861543530496	2
539202224946417665	-2
539438373061283841	2
539204994164330496	0
538139441643413504	0
539203819453030401	-2
539575743630815233	-2
539435912451858433	-3
537957478202638336	2
539374006865231872	-1
538046649780932608	-2
539580713331609600	-3
539200376994816001	0
537244587136667649	-3
539579455791198208	0
538132760255561728	-2
537651002196123648	0
537594040607584256	2
537952406214938625	2
538007131426140161	-2
538053010874970112	-3
538010997286789120	2
539489688546213890	-3
538334422257655808	-4
539368788228337664	-2
539441000910172160	2
538292561727995904	-2
538045757484716032	3
539198586882650113	-2
538001276081283074	2
539367922326851584	-1
538132816866074624	0
538287402444681217	0
539580210115796992	0
539577416440881152	-3
539487455377113088	0
538132366926307328	-2
538053515537825793	2
539579204976017408	-3
537952378138681344	-2
539205301669740544	0
538335601083568128	-3
538048793657495552	-3
538052190007721984	0
538333384461017089	0
539725064561000448	-2
538288610530037760	-2
539437003495186433	0
539360584236802048	0
539206615040544768	-2
537598567763181568	0
539371578212225024	2
539578507358380032	0
539373978968928256	0
539206391819669504	3
539581580910800896	3
537595242648993792	2
537955246291832832	3
538051292397330432	3
539574962517184514	2
539367950323834880	2
539200769522950144	-2
538048933684338688	0
539436666910679040	0
538047325323919360	-3
537958150083973120	2
538287824270032896	2
539491591095083009	-2
539201582077067264	-3
538009566416760832	2
538010043929870336	-2
538136893159124992	3
539373446967615488	2
539489939835351041	-2
539488293336137728	2
538010745322352640	-2
538134558089428993	-3
538332231476215808	0
538337648533078016	-2
539208622082097152	0
538331922649600001	-3
539580908945559552	-2
539206559315034113	-2
537952573702291456	3
538333778574606336	-3
537597561620922368	-2
537957898216038400	0
539360500384288768	0
539370936139788288	2
538333300465885184	-2
538291017418813441	3
539198723927318528	0
537955080189009920	-3
537246715418787840	0
537244028073705472	-3
537599517672366081	0
537957422347083776	-2
538338214604713985	-3
539210047784751104	-2
537596752485171200	0
538006124205981696	3
537952181929148417	-3
537659123278839809	-2
538047353698385921	3
539208594248720384	-2
538336580961067009	2
538136753417494529	-2
538332401668456448	0
538049936663666689	3
539492991522836480	-3
539487957796003840	-3
538132703401766912	0
537598287629778944	-2
539491283015041025	-2
538035507981086720	-3
539202085582286848	3
537240498248101888	3
537244279262167040	3
539208258826039297	0
537955748224172032	2
539204295795957760	0
538010184824922112	2
539438261157249024	-2
539434684691005440	-3
538004562121342976	-2
538134164848263168	-2
538046047613120515	2
538050262548881408	3
539207838737108992	-2
538132731398729728	0
538008613831577600	3
539367978245312512	3
538336805469577216	0
539371717257609216	3
537243860481875968	-2
537956808019959808	-3
539208817691865088	3
539210215791812608	0
539198751924305920	-3
537651558474088449	-3
537657607519891456	3
537656264785162242	2
539492348439576576	2
538011305291284481	3
539725926431719424	3
538289533180444672	2
538052078028197888	2
539198779795439618	2
539726121668202496	-4
538008306120679424	-2
538289029067071490	-2
538288917439868928	3
538334813766582273	3
537241364472537088	-3
539206195874394113	-2
538138851559370752	-3
539206809937272832	-2
539434490163363840	-2
538333076557168640	-2
539436611755597827	-2
538137256511688704	-2
539439211624271872	-3
538051096179376129	-3
539360806815936512	-2
538287234005602304	-3
537593900526235649	-2
538290597342494720	-3
537240693866233856	-3
539438651936350212	-2
539724758557138944	-3
539439239558348800	-2
538005648613834752	-3
539432655872610304	-2
539198522709389312	-3
537247022555074560	-2
538046978002026496	-3
537656376148131840	-2
539580182190116865	-2
539360750897463298	-2
539434267290660864	-2
537243580688248832	-3
538136445610123264	-2
539371633455419392	-3
537245482826104833	-2
537245511015997440	-2
538133269523726336	-2
538288075408179200	-3
539488404938174465	-3
539487733757255680	-2
539488795889250304	-2
538008138671464448	-2
538047552378384385	-2
539574879037964288	-2
539581916522233857	-3
539434824713646080	-2
537240134794903552	-2
537597421870919680	-3
539437617872646145	-2
538288945336184832	-3
538004671395561473	-2
537651586387165184	-2
538134957353615360	-3
539366721623425024	-2
539200293612040192	-2
537959354654556160	-2
538286664691769344	-2
538132059831934976	-2
538000548419870720	-2
538289954091446272	-2
539581469161979904	-3
539578228147748864	-3
538046739086077953	-2
539438568553598977	-2
539574458441564160	-3
539434239415291904	-3
539201917503963136	-2
538287261927084032	-2
539724869974630401	-2
538334897598107650	-2
538137845475852288	-3
537653968676343808	-2
539204631071817728	-3
539434295216336896	-2
539490638895796225	-2
538000188607328257	-2
538001220271898624	-3
539432875830288385	-3
538136669279760384	-3
539439267534352384	-2
539433012933705728	-2
537650947301060608	-3
539726622598111232	-2
539207950624382976	-3
537243327159369728	-2
538009819945631746	-3
537958542519848960	-2
539433791748849664	-3
539205944132255744	-3
538133185746726912	-2
539491900030713857	-2
537958599105196033	-2
538011108888809472	-2
539490750632058880	-2
537596583316295681	-3
537650919802798080	-3
539360445346627584	-3
537599768999260160	-2
538007159397969920	-2
538051264438087681	-3
538292926670196736	-3
538007550831386624	-2
537599210775117824	-2
539725898455719936	-2
539490331264552961	-3
538289084935188480	-2
539491786650316801	-3
539725620511768576	-3
538292533798125568	-3
537244894935654400	-2
538140026421264385	-2
539371745170718720	-2
537657887414571008	-2
539201161736519681	-2
539433344136929280	-3
538047122814541824	-3
537595298571628544	-2
539434434878275584	-2
539581664662654977	-2
539485161755512832	-3
539202001461342209	-3
538049642915971073	-2
538051904560189440	-3
537959382571843585	-2
538137761342320641	-2
538004501727547393	-2
538140608921993217	-2
539725648445849600	-2
538050023695863808	-3
538135939449909248	-2
537953383332999168	-2
539725259453530112	-3
539433040226037761	-2
539204042904567808	-2
539491059173425153	-2
539368704094789632	-2
538136192513228800	-2
539577472267059200	-3
539370657445085184	-2
537240945469947904	-3
539433819863285761	-2
537955664862396416	-3
538051533284585472	-3
538000744436486144	-2
537245539126222848	-2
538000856361095169	-2
537239886957666304	-2
538289252237598722	-3
538337003944046592	-3
539434796783763456	-2
539204463370964993	-2
537242066213175297	-3
538135435831435265	-2
539725703642877952	-2
539204854548541440	-2
537244727285125120	-2
537247246157631488	-2
538048283185541120	-2
539578758844657665	-2
539373727998566400	-2
539199703989358592	-3
537593871925256192	-2
538045518166122497	-2
539199200203120640	-2
538052600458117121	-2
539434323175550976	-3
537957226464706560	-3
537651084832284673	-3
539207810824028160	-2
538134592629506048	-2
538007886178553856	-3
539575855077687296	-3
537244223230476288	-3
537595550720618496	-3
537245567047704576	-2
537246659466768386	-2
538332600751116288	-3
538137060939694080	-3
538001695746580480	-2
539369736048746497	-2
539433763806388224	-2
539490892147875840	-2
538135211171926016	-2
538139218531590144	-2
539574794963148800	-2
538286723764326400	-2
539577583579693056	-2
539199508127952898	-2
539485637121159169	-2
539206949968314368	-2
538046411565441024	-3
538139274223570944	-2
539440050044698625	-3
538005788271583232	-2
537594599897038848	-3
537594096584757248	-2
539580769325580288	-3
537242401732304896	-2
538051488749469696	-3
537245651785228288	-3
538135323143073792	-2
538043603994415104	-3
539373783778594816	-2
537598791059537920	-3
539208315021299713	-3
538137901364953089	-3
538287346106793984	-2
538007438751203329	-3
537952042036498432	-2
537601332015026176	-3
537953159344574464	-2
539489577330036736	-2
537245259177398272	-2
538010773201903616	-2
539485189941243904	-3
538006347842088960	-3
539491003359842305	-3
538048115065257985	-3
537241084590841856	-2
539581413239291904	-3
538333974683471873	-2
539433232832659456	-3
539578284108185600	-2
537601835134361600	-2
538292421650817024	-2
537657831676448768	-2
539374258498326528	-2
538138516811952130	-3
539484803192881152	-2
538000996472209408	-2
537650892129198080	-2
538337368319987713	-2
537595410823806976	-2
537953466401169408	-2
539371912976408577	-2
537244195388686336	-2
538007019551473664	-2
538010801240801281	-2
537593984592277504	-3
537953856840531968	-2
537951455463112704	-3
537240861743284224	-2
539489353559732225	-2
539434043201564672	-2
537656684081340416	-2
539366612105953280	-2
537955469407842305	-2
537600104551956480	-2
539436778600800256	-2
537659262810742785	-3
537952824873979905	-3
538000716313657345	-3
537599238776303616	-3
539439714299019264	-2
539492097112674305	-2
539493076147126273	-3
537245680138747905	-2
537652315432714241	-2
537959242771468288	-3
537953633967808512	-3
539199368134668288	-3
537652286768816129	-2
539369484910596096	-2
539360778806382592	-2
538337704493461504	-3
537955776095346688	-3
538334841784508417	-3
538332541443670017	-3
537599908707332096	-2
538337424334917632	-2
537244783144869888	-2
538131158350200832	-2
537247832928190465	-3
538053599792996353	-2
539438120870367232	-2
538134676540772352	-3
539205106122899456	-3
538006403831828481	-2
538336777401282561	-2
539488236985651200	-2
538048002666283008	-2
538336440602886144	-2
537956221983395842	-2
538052443020750848	-3
538048171067600897	-2
539366584822030337	-2
539580797268021249	-2
539199564088360960	-2
538286382201184256	-2
539486728344838145	-3
538050230676373504	-2
538333272262975488	-2
538052260702724096	-2
539440972955156480	-2
538288471044268032	-2
539581524950401024	-2
537954134071447552	-3
537246323884711936	-2
538291662364360704	-3
539725426667847680	-3
537598623580979200	-2
538292617524838400	-3
539577053126098944	-2
539436919185502208	-2
537597785298980864	-2
537247776867094530	-2
538046143297753088	-2
537239914824630273	-3
538004698713063424	-2
538291045415796736	-2
539368229400215552	-3
537240051751854080	-3
537599601436798976	-3
538287034042179584	-3
538005508410859520	-2
538338720660082689	-3
537239855777185792	-2
538053217129857024	-2
539581888495898624	-2
539369317511753728	-3
537244866947084288	-3
538137172671729664	-2
539200601138397184	-2
537653409370087424	-2
537653632620298244	-2
537956416603324417	-2
539485078330822658	-3
539440077966172162	-2
539199788341010432	-3
537244139684110338	-2
538294240464633856	-2
538293793121124352	-2
538049522921127936	-2
539370490155270144	-3
539373671736180736	-2
539372527534219264	-2
539201300916080640	-2
537599294619287552	-2
538336721306652672	-2
537955218315837440	-3
538332936370913280	-2
539579092996481024	-2
538338804479037440	-3
539492935591788544	-2
539578787021987842	-3
539436303834959873	-3
537596443570503680	-3
538331866806624257	-3
537658899110039553	-3
537597533695266816	-3
539486589131685888	-2
537599824921911296	-3
538136221080641536	-3
538293290052100096	-3
539436694815399936	-2
539575409571270656	-2
538050808420761601	-2
539201973179150337	-3
538133437274939393	-2
537247525158531072	-3
539574039153758208	-2
539360640398524417	-3
539210355424366592	-3
538293653081710592	-3
538289870452838400	-1
537951705875611648	-2
538135632007421954	-3
538053712305217536	-3
537600327907020800	-2
539438064972873728	-2
538287907732475904	-3
539199956733923328	-3
537654108606726144	-2
539578925916356608	-2
537658702443323393	-3
537246631633354753	-2
537658252889440256	-3
537655676882157570	-3
537594264369520640	-3
539203344854953984	-2
539370322789945344	-3
537954023572533248	-2
537248140936888320	-2
537240414273957888	-3
539207727092752384	-2
539486700456931328	-2
537266931443564544	-2
539371605533921280	-3
537241783999406080	-3
537597477718085632	-3
537953103925231616	-2
538007354772815872	-2
537655285008322561	-2
537595746019979264	-2
537596780637339648	-3
539490275371266048	-2
537656432041398275	-2
538010324637851649	-2
537244671198900224	-2
539576942044151808	-2
538334953541742592	-2
539369234418368513	-3
539579009248796672	-3
537957534439845888	-3
538138879375986688	-2
537955999404265472	-3
539485357633712129	-3
537956863862923264	-3
538286779305295872	-2
537657775690874881	-3
539486644479741952	-3
537988314049941504	-2
537655397130452992	-3
538287317673586689	-2
537955413715849216	-3
539366972463792129	-2
538286695905783808	-3
539368871996956672	-3
538334310219403264	-2
537651838896861184	-3
539726065913315328	-2
537601527238889472	-2
539578953326161922	-3
538006684518850561	-2
538006628545875969	-3
539579818820767744	-3
538336048338964480	-2
537593650281459713	-2
539206419774717952	-2
537597757197131776	-2
538046260725682176	-2
538132031797227520	-2
537595214668791808	-3
538053799328636928	-2
539368090006740992	-3
539200209243607041	-2
538009201344532480	-2
538047891009732608	-2
537598371822075905	-2
538336328816275456	-2
538293122217017344	-3
539579120980881408	-3
539487650038939649	-2
539488516255010817	-2
538137340313886720	-2
538008026352214016	-2
538291746007166976	-2
539202588793913345	-3
539371214893248512	-3
539205888113115136	-2
539580685355585537	-3
539360918623502336	-2
539485552870178816	-2
538049315579895810	-3
538288805800062976	-2
537954580483805186	-2
537952629461372928	-2
538132535843520512	-2
539372443945930752	-2
538133633039880192	-2
537596892293922816	-3
537241699920396288	-2
537656880110530560	-3
538332796650283008	-2
539576551978061824	-2
539436639605755904	-3
539575326285000705	-3
539202784990867457	-2
539491479014899712	-3
538334058594729984	-2
539578618838806528	-2
539386928253001728	-3
538047779059544064	-2
537651112959283200	-2
537595466897428480	-3
539369987816054784	-2
539200404966625280	-2
537243748514922496	-2
539579149091106816	-2
539199228149780481	-2
537959466390806528	-2
539435829064916992	-2
538049793126596609	-2
538335262464831488	-2
539580126296834049	-2
539371857141837824	-2
538054136143822849	-3
539491087149436928	-3
537654921374728192	-3
537958318682431488	-3
539201637987135488	-3
539576079154159616	-2
537242655659683840	-2
539206447624880128	-2
539434852752584704	-2
537952014047932416	-2
537595354997604352	-2
537959578198347776	-2
539373112283119617	-2
539360890693644288	-2
539489102526447616	-2
537959131232346112	-2
537245034715033600	-2
539209041562841088	-2
538334114555113472	-3
539436472093663232	-3
539574402422407168	-2
538290625326891008	-2
539199928661458944	-3
538001136587128832	-3
539370099594244096	-3
539202672986169344	-3
538338354514108417	-2
539437198475808769	-2
538053883697037313	-3
539433567626215426	-2
539201526104068096	-2
538288777849212928	-2
537600717868244993	-2
539360335929806849	-3
539366527599116288	-2
538134530176327682	-2
539368900006522880	-3
537599014632706048	-3
539372164651417600	-2
539208985350791169	-3
539576524102701059	-2
539486840295026689	-2
538006291990708225	-2
537955915274940416	-2
537951538166398977	-2
537957562592018432	-3
539577698302296066	-2
539726818178531328	-3
539578367696453633	-3
539485525565272064	-3
538131746504466432	-2
538007718662246400	-2
539437562537201665	-2
537657075879661569	-4
538133828720922624	-3
538160889682075650	-2
538006012041920512	-3
537654667569016832	-2
539369179707875329	-2
537656543895113728	-3
538138628850200576	-2
538338074284281857	-3
537595046967906304	-2
539369151736057856	-2
537240721770954752	-3
537598427610497024	-2
538047036340576256	-2
537958627026698240	-3
537244418999603200	-2
539202616920920064	-2
537659010913406977	-2
538051707331411968	-3
539204098814672897	-3
539202504329035776	-2
538046803430875136	-2
537951817486069760	-3
538046831411068928	-2
538005032478973952	-2
538138320799563776	-3
538291773953830912	-2
538008166563586048	-2
538005200435687424	-3
538001583972581376	-2
538331612212363264	-3
537247916902330369	-3
538290122513743873	-2
537958178341023744	-3
538138041400168448	-2
538052949436796928	-3
537599070622478336	-3
538334338107322368	-2
539490610793955328	-3
539576774422986752	-3
537656712007004160	-2
537599126780018688	-2
539203119285293057	-2
538005284254666754	-3
539438400982769664	-2
537653884471476224	-2
537657523571269632	-2
538048367004499968	-2
538293010447224832	-2
537241671936012288	-2
537959075238408193	-2
539371438726459393	-2
539434351084470272	-2
537246044476944384	-2
537653240171859969	-3
537599461707743232	-2
539201357006503937	-3
538286576376500224	-2
537265626616565761	-3
537601583392227328	2
539579372068675584	-2
538010520818053120	-3
537954245103075328	-2
538047946873647104	-2
539199732120555520	-2
539207366109970432	-2
537244755248558080	-2
538286410265276416	-2
539440748916383744	-2
539576413410828288	-2
539487008440455168	-2
538008641803390976	-3
537601248237998080	-3
539202252951797761	-3
538132675295723520	-2
538008557762150400	-2
537951650003312640	-2
539366557387083776	-2
538135603968086016	-2
539439630522011648	-3
539486924491481088	-2
538286751060885504	-3
538050346602733569	-3
539373839516725248	-2
537240359106273280	-2
539436975565312001	-3
537247693203329024	-3
538050110241116160	-3
538288638388625408	-3
537659206875488258	-3
537652790781562880	2
539488962713501697	-3
538015609745731584	-3
539202476776632321	-2
539582112509468672	-2
537243299204333568	-2
538008781834424321	-2
538005844198445058	-3
537240303091347456	-3
537246826962116608	-2
538131298305724417	-2
537958907264901120	-2
537599964646760449	-2
537597255394807809	-2
538133155228971008	-2
539204435483037696	-3
537243271236694016	-2
539372750457303040	-2
539368844092243968	-3
538053159667916801	-2
538000800271073282	-2
538334673920077824	-3
537959298803171328	-3
539490975882956802	-3
538332712772575232	-2
537242907288543233	-3
539207866696347648	-2
539367475281166336	-2
538000940465655812	-3
537245454850097153	-2
538001164449894400	-2
537245119486107648	-2
538047092607188992	-3
538339028387766272	-2
539367587189383168	-2
538047237906255873	-2
538132507850731522	-2
537955581039226880	-2
537248056891432960	-2
537597171257081856	-2
539202841014177794	-3
539205078109147136	-2
539199816409296898	-2
538291718131834881	-3
539726567266865153	-3
538289336056561664	-2
538334002663669760	-2
538338692436602881	-2
539200432313495553	-2
537955330014318592	-2
537241196796850177	-2
538136108790714368	-2
539486365013258241	-3
538051124214108160	-2
537593704941637632	-2
537651922757758977	-3
539203847424847872	-3
537952125998104577	-3
537955441251467264	-2
538287571785506816	-3
537242851386880001	-2
539575298397048832	-2
539574374521925632	-3
538290541436624896	-2
538009285356433408	-2
539485273806352384	-2
537597003451367424	-2
537654807327436800	-2
538333663998775296	-3
538332429594152961	-2
537596667017854977	-2
537955553105154048	-3
537955887361822720	-3
537600467103391745	-2
538138376634134528	-2
539486477038911488	-3
538338158178742272	-3
537247441482186752	-2
538008725886607360	-2
538289140862054400	-2
539484939960729600	-2
537244446891720705	-3
538332485541978112	-2
537602808116043777	-3
539205245789044737	-3
538004726093471744	-2
539204519297818624	-2
539199116363169793	-3
537246492034347008	-2
538334030601912320	-3
538132255320047616	-3
537246771203022849	-2
539203456268255232	-2
537953215443398656	-2
537651140260036608	-2
537601554510274560	-2
537247134501076992	-2
537245315074883584	-3
537658562475220992	-2
538046228656029696	-2
539202952221982720	-2
538335824858087424	-2
539360668315820032	-3
537655620888199168	-2
538001472051740674	-2
538050081619181568	-2
539489074495913984	-2
538050640266932224	-3
537951873740066816	-2
538048058811248641	-3
537597059285929984	-3
539200825571434496	-2
537653437463547904	-3
538294184562937856	-2
539370545956265984	-2
537657943475236864	-2
539206503291715584	-3
538000605013622784	-2
539487176300703744	-3
537246687434399744	-2
538049821232615427	-2
538288694218989568	-3
538338636786593792	-2
539203763995963392	-2
539200657434374144	-2
538290066444275712	-2
539370852455034880	-2
539210131901526016	-2
538005144395595776	-3
538133014199672832	-3
537593928518995968	-2
539489269774303232	-2
539438903913369600	-2
538011136973881345	-2
537654556415754241	-2
537248168845803520	-3
537657495519784960	-2
538048311216070656	-2
537655089314672642	-2
537957506249547777	-3
538047693676105728	-2
538293317923246080	-2
537652174738952193	-2
538133353556627456	-3
538047665737846784	-2
539575018389512193	-3
538334505917222913	-2
539205749747224576	-2
538001667674099712	-3
539437143031304192	-2
539205442086645760	-3
539579958428184576	-3
539580238066630656	-2
539372722577739776	-2
539204267912200192	-2
539204547282219008	-2
537655956994535424	-2
537651195645804544	-2
539367251993194496	-2
538332457545007104	-2
538004534556389376	-3
538133605130969089	-2
539492879774003201	-2
538051348764569600	-2
537601919154651136	-2
537956055230480384	-2
539490666863394816	-2
538048595476627457	-2
537957953954131968	-2
537242739470266368	-3
537594795477467136	-2
537600829717753857	-3
538135407826067456	-2
539206587228094464	0
537655844729806849	0
539203652226121728	-3
539440861105651712	-2
537956472433672193	-3
539575911000334337	-2
538051180191309824	-3
537243383253987328	-2
537244083883114496	-3
537959019294781441	2
537243103368056832	-2
537594851249127424	-3
539491702797774849	-2
539436388169838592	-3
539210271643172864	4
539367363762995200	-3
539726455425757184	2
538008222431715328	0
537246407988899840	-2
539440413296562176	2
539210019800379394	-2
537595801846153216	0
539581441123049473	-3
537951929591410689	-3
539438735545630720	0
537953494326870016	2
538339112483553280	-2
538331810963673088	-2
537243047080505344	3
539573874409873409	-3
538001108552409088	2
538288331386527744	-2
537595718115287040	3
537956919747817472	-2
537241616072056832	2
538010296682807296	-2
539205915946516480	0
537954189859913728	0
537952517947404288	0
539582028724068352	4
538289448665243649	-2
537594963291549696	-3
537652958331428864	0
537956278090629120	3
537957981988880384	-3
538287458170187776	-3
537953075965997056	3
537240777764929536	-2
537656656168247296	-2
539373168092540928	-2
538287711330009088	-2
539435605399453696	-3
539200545110900738	4
538293262025752577	2
538337312586088448	-3
537243497091571713	-3
539372332423585792	0
538050896819941377	-3
539199088437506048	-4
539206112177033216	4
537598511760830464	-3
539579065108545536	2
538292056549249024	-2
537240162724741120	-3
537955302038327296	2
537656571845939201	0
537655033320710145	2
539437701700026369	-2
537596359575343104	4
538336553127665665	-4
538137677674319872	-3
539439490839105536	-3
537598343934115841	-2
537596947545485312	-3
539199984655405057	-2
537247301979619328	0
537958710908551168	2
538011080967348224	-2
538287739167576064	2
538001248168198144	2
538292786593021953	-2
537246882800873472	0
537599545598042112	0
539205609812688898	0
537654416078561281	-3
538134845764149248	-3
537954969237061633	-2
538337059866681344	3
537953355273089025	-3
539432903231680512	2
537653605181190144	-2
539486756266319872	-3
538287879970377728	2
539492712270278657	0
538334254045085696	4
538335713100840960	-3
539432958189662209	3
539486504960417792	-2
539200460490833921	-2
537273086727303168	-4
539367866433544193	-3
538053855255494656	-3
538336693414547456	-2
538331978458992640	2
538008501923364865	2
537652986491961344	-3
537956332687884288	0
537242345675423744	-3
537599266735525888	-3
538135155266052098	4
539578088540348418	-2
539579400069840896	2
537654949367517184	-3
537654248222490624	-2
537652371393085440	0
539206475445727232	-3
538137565698985984	-3
537961327373742080	-3
538290345751375873	-2
538051651522019328	-2
537241728026423296	0
538290401502052353	-1
537956360651276288	-2
537957366374088705	-3
538138963304005634	2
537246016551288834	-3
537595857676554240	-2
539209406135934976	3
539489521596129281	-3
538006152089702404	0
538136501813796865	-3
538138488630042624	-1
538052748751929344	-3
539577444353974272	3
538133996149149696	-2
539210299564621826	0
537246575790419968	-2
539485385559375872	-3
537658590388293632	-1
537247888909549569	-2
537651866826731520	0
539492907708076032	-2
537595634577321984	0
539200881397604352	-2
539437729743114240	4
538000576752390144	-2
537955385811144704	-3
539209069454966784	-3
537958739589218304	0
538131690376663040	2
537594404085989376	-3
537955497299959808	3
538133800833003520	3
539577081022382081	-4
539488544457498624	-3
537594376164507649	3
538046075840778240	-2
537598399718375424	2
537596724626620416	-3
538137621458079745	4
537653940834562048	-3
538133465456472064	-2
539486028965629952	-2
537594487976239105	-3
538008698061590528	2
537652006639665154	-3
537247413606809601	-3
537240386419580928	-2
539433372016472064	-3
538049171178422272	0
539440385421238272	-2
538001388102774785	-4
537246854996836352	-3
537651391226216448	-2
538293401796739073	4
538288722056577024	-2
538134388752805888	-4
539202896408367104	0
538009903928197120	4
537952936459239424	-2
538132422827991040	2
537607079360335872	0
538046593468203008	4
538006712578756608	-3
539488823915610112	0
539198641878368256	3
538136053019082752	-3
537653660613091328	-3
538336132279599105	2
538136389540642816	2
537261798030729217	-3
537600634271580160	-3
539200741450080256	-3
539209125205651456	-3
539434935439089664	0
539201805201444864	0
537240609795633153	-3
537655564982296576	-3
539726762356523008	3
539369876201431040	3
539360723659673600	-4
537596080935145473	-3
538050695958921216	0
537243636594118656	-3
539208454507098112	0
537601304139677696	-3
537596639125708801	-3
537600188354150401	-3
539492041156489216	3
537244307192037377	2
537242094197571584	-2
537593568140218368	-2
538049018686107648	0
537598986602184704	-3
538047721605963776	-3
537958991411036160	0
537958262856232960	3
539489911758675968	0
539491535226949633	-2
539373643852427264	2
538336244313620480	0
538287542416965632	-4
538131076351528960	-2
538000464412172289	3
538005060647911424	2
539210187819974656	-2
538291326404788224	-3
538050437413634051	-3
538131521925025792	0
537952992281255936	3
537956752286023680	-3
538007690694639616	-2
538009706108047360	2
538334086671384577	-2
537601220303933440	-4
539432985494552577	-2
537953967402409984	0
537651894798516224	-3
537247385685356544	2
539368173620199425	-3
539208929277132800	2
538338466380394496	-3
539725731530829824	4
538049733424873472	0
537651057057611776	4
538333946770391040	4
537651754897522688	-3
537240079056769024	-3
537959690018504705	-2
538008837820006400	-3
539486784238157824	3
539579232897495040	-2
537957059321688065	2
538133213785640961	-2
538287795069267969	-2
537595829721505792	3
538047411030347776	2
539209462025048065	3
538138404530429952	-2
538000689012940800	-2
538138740334817280	0
539439127696269312	-2
539201553971036160	0
537243720492789760	-3
539205665764687872	-3
538051764558528512	2
538009341241339904	2
539576608064274432	-3
537242373735342080	0
538134705515012096	0
539200797595414528	3
539577753713274880	0
538339056518971392	-4
537956444529000448	2
538137452519882752	-3
537951510207143936	3
537594431994880001	-1
538153404875304960	-3
539582000676737024	0
537600997628342272	-3
539370518009630720	-2
538047863004364800	0
538334142459809792	0
539725675713019904	-2
538007970198847488	-3
539578870085980160	3
538050751940296704	-2
537241168892145665	-2
537245764666544128	-2
539435549258694656	3
538005592364052480	-2
537601947038396416	-3
537597673441083392	3
538046863782707200	2
537653744457248768	-3
537655508950614016	2
537951373196029952	-3
537952713267769346	0
537651810941825024	2
538050290415857664	-2
537594823382159360	-2
538051564930621440	-2
537654444000038912	-4
539487092238471169	2
539200488512978945	-3
537597338563645440	3
539370350619156480	2
538290150477168641	0
539574543577518080	0
538052567830650881	-3
539203986948358144	-2
537957618615353344	0
538335234581090304	0
537955274171355136	2
537651698152775680	-3
537658842218508289	-1
537654276118831104	-3
539486560891457536	-2
537656069200568320	-2
539724562758639616	2
537657159694442496	0
537668667308118016	2
538135967375564800	-2
538339000462110721	0
537240637956169728	0
537247078465171456	-2
537654080727158785	2
537243552750006274	-3
537601388172554240	-3
538001500082294784	-2
538046439746985984	2
538335573094989824	2
539204238845702144	0
537954857995763712	-3
537594767526596608	-4
538010717459599362	2
537952685358841856	-1
538005116419575808	2
538335685263245312	3
539208174713438208	-4
537954941911187456	0
538333580179812352	0
537595689984069632	4
539438288986439682	3
539204323948113922	2
539488488379658240	-3
539206363667501056	-2
538288443202469888	2
537658618251079680	-2
537657551522136064	-2
538333608046784512	2
537959550234947585	-2
538136697452498944	-3
538137985662062592	0
538052806171967488	-2
537958963527319552	-3
537953187274452992	0
538135855727382528	3
539202057694351360	-3
537246295971614720	-4
537246799141281792	-3
537594544079257600	-1
537595019113549825	-3
539432626004971521	-2
538294522552532993	-3
537654751463493632	-2
537242991187214336	0
537652734854709248	2
538290569358102528	2
538137957564444672	2
538132450892075008	2
539199452284993536	-2
539435521274298369	-3
538138348700069889	0
538006991487373312	-3
538333552333832192	-4
538137088911474688	-3
539200909436522496	3
537957282483802112	-3
537656153136959488	3
539208090835759104	2
537596920110530560	3
538049765154770944	2
538292477623795713	-3
537244167517528064	0
537953048065495041	-3
538138013533216768	-2
537656824007512064	-3
537601192374042624	0
539369931914375169	2
539492292638539776	-2
538337508564959234	-4
538132901096095744	-2
538046771684184064	0
539369345366102016	3
538132873187168257	-3
537242599690895360	-3
538010381021892609	2
537658055446769665	-3
539205693635821569	-3
539204603049680896	3
539206140056596481	3
537242317615538177	-3
538294156511420416	-3
537241870255292416	-3
538006768354594817	-3
539441056996413441	-2
538047150861864960	-3
538132930355556352	-3
537653126371999744	3
537594320317325312	-1
538292645895077888	-3
538291886466035715	-3
537247804750856192	2
537240275228577792	-3
537597449821757440	-2
539373195540054016	-3
538000299039133696	-3
537658139886501888	-3
537593732246568963	4
538331726062579712	-2
539439882058612736	2
539205777677090816	0
537245792554475520	-2
539492180910698496	0
537248950202273793	-2
538135799825711104	0
538049579737161728	3
538137817604694016	0
537240917561057280	-3
538007494875156480	2
538007998292324352	0
537958094241009665	2
538008949489147904	-3
537656796060860416	-4
538290513615790081	-2
538138600916140032	-3
538336917168070657	-3
539367615190560769	2
538010605337460737	3
538147242394128384	-3
537951845709144066	0
539486980397342720	-3
537240106948890624	3
537248224609050624	-3
539489632527089665	-3
539488377499037696	2
537654052671475712	-2
538132788114128897	-2
538290261978546177	2
538138712614645760	0
537959270877523968	0
539577360644075520	2
539208789644570624	-2
538335489057914881	2
537600690001313792	-4
537247637104508928	2
538134276924272640	-2
537955803429613568	0
538001192388145152	-1
538287486330761216	-3
539574178236874752	4
539485050359001089	0
539367307844550656	2
538290178365079552	0
537598595630129152	-3
538049612360470528	0
538131242248863744	-2
538008082765606912	0
537596696650584066	2
538336947505487872	-2
537657299964530688	-2
537953327326453760	-3
539372136771887105	0
538137649585090561	-3
539209992478679041	-3
539202757069377537	2
537601276205621248	3
537658927140601856	-3
537651363820625921	2
538005312255852544	-2
538337115697057793	0
537659290698645504	-2
537955971512139776	0
538052893514145792	-4
538337031924228096	2
537597031402205184	0
538334198172770304	0
538011053108772865	0
537241308709285888	0
539485833347465216	2
539209013419048960	3
537655872730988546	2
539579037157695488	2
539203484193935360	-2
539485441607860224	-3
538007271138418688	2
538134024137740288	-3
537595997166526464	-3
537959047174291456	2
537654136461082624	-3
538137396777590784	0
537244922790047744	-3
537241504100933632	-3
537243608571973632	2
537958458314985472	-1
537595158804848640	-3
537952322232811521	0
539438037017845760	2
538294128329891840	-2
537657187649486848	-2
538332203420483584	3
537598539766194176	-3
537595969354100736	-2
538046172657909760	2
537598120436457472	-2
537245595082448896	-4
539490779983802368	2
538005620667187200	0
537656320108027904	3
538000244194430976	-4
538006096255156224	-3
537240749923123200	3
538336833370075136	-2
537655229215670272	-2
537242150040502273	4
538293485590556672	0
538001360105775104	2
538333188440215552	0
537655648952254465	-3
538334701837373440	2
539371158878306304	3
538000884505251841	0
539485609023504385	3
539487677947838464	3
537600494534164482	2
539205526081789952	2
538050465259610112	-2
538296973292339201	2
538046565550944256	-2
539204686671536129	-2
539574262378823682	2
539488656248291329	0
538131048983715840	2
539210075702050817	3
538332175322873856	-3
539581944401764353	0
539199536208834560	2
539436332133928962	-1
539581105952014336	0
538290206290739200	2
538006180132823040	3
539371242877644801	-2
538332684771397632	-3
537598874958180353	-4
537242879329320960	-3
537659346470322176	-2
537595186751492096	0
538009510653472768	-2
538291690294226944	-4
539432847715893248	-3
539208370755223553	-2
537243888541777921	0
539205999979397120	-2
538048427452801024	2
538049054971023360	0
537594292332929025	2
538338102176407553	-3
539360418016546816	-2
538287006145859584	0
538288582776356864	0
538292281401679872	3
538046292325568512	3
537598762806677504	-2
539579707105492992	2
537593760239353856	0
538130937511694338	0
538132171543027712	3
538332768699416578	2
537652930313482240	-3
539200181049524224	-3
538292898396381184	2
538337732456886272	-2
538334450078474240	0
538287683488198656	0
539725231565570048	2
539203175530905600	-2
537653493407166464	-3
539486140936777728	-2
539204575153377280	2
537656181083602945	2
538160494549291008	-2
538291494369918976	-3
537953243566206976	-4
538001639752597504	0
538135183212691456	4
537246072398417920	0
538136613524881408	-3
537956194737221632	0
539209881245745152	-1
538288131368570881	-3
538008921622200320	0
537651447081730048	0
537242010189856768	0
538132563987288064	3
538050318588993536	0
537957087234772992	2
538007466907533312	0
537242683652468736	2
539371550378835968	2
538006459637071872	3
537653549283696640	3
538288833792856064	-2
539203736091254784	-2
539210103921324033	3
539434127188320256	-3
537659038897811456	-2
538049700944158720	0
539579679200776192	0
539402396653203456	3
539202113470201856	-3
538045610226888705	-4
538005984032333824	-3
539202392798298112	3
537241140865802240	-2
538136557711273984	-4
537595773924687873	2
537651614321246208	-3
537240889656348673	-3
539199032699416577	-3
537595661924200448	-2
539371773146722304	-3
538006487541764096	-4
539433595589644288	2
538053454800101376	0
539202979669499905	-2
539206167990640641	-2
538054080313425921	-2
537957338339377152	2
537954802626756609	-3
539209097384841216	3
538135351051964416	2
538050172346179584	0
537247190348222464	3
538008669976530944	0
538134192773947392	-1
537956388572766209	0
539437451476209664	0
537651950729568256	-1
537957394241048576	2
538009454508519424	0
538133689021259776	-3
537956612045303808	0
539199060511842305	0
537954885963366401	0
537241842337980416	4
539206643016531969	-2
537247860879003648	-3
539208566260117506	0
539206866128363520	-3
538294296303378432	-3
538131270317121536	4
537654219936104449	-1
537601891224784897	3
539434656383651840	-3
537596247792549888	0
537598036592324608	-3
538333890726068224	2
539202813046566912	0
537954106758160384	3
538294718070030336	0
538051068249513984	2
538131186301034496	-3
539200685360033792	-2
538046535326765056	2
539434963503177728	-2
537654528292962304	0
538286265398214656	0
538132087690493952	2
539434629095505920	-3
538287430286446593	2
539210439302057986	2
539492600273960960	2
538335936556589056	2
537954051481415681	2
539440552694255618	3
537989123449946112	0
538131021624254464	-2
537655593017040896	2
538007075595763712	-2
538001611801784320	-2
538288359320608768	0
538333356531130369	0
539203316941848577	-4
539370239121977344	2
539209573706772480	0
537598092452044802	2
537257497854087169	0
537954997095641088	-3
538331950495563776	-2
537594739559002113	-3
537597841238392833	0
538010212675117057	2
539201384948981760	2
537654332284760064	2
538338748602515456	0
539203007632916480	-2
537594515872571392	2
537599936687525889	4
537653381402492928	3
538047523655794688	2
539369123806191616	0
537953661939630081	0
537952741159866368	2
539486056908066817	3
538294016304230400	0
538053335023366145	-2
538009931799343104	2
537653296895627265	2
537247329838170112	0
537958066147581952	0
538135827734601728	0
539575798874001408	-4
538141997517651969	-3
537955190885072896	0
539202196756508672	-2
538293513512046593	3
538338888050552832	-2
538134108812349440	2
538288889459662848	-3
537651419151859713	4
537247162481274881	-3
539199144246931456	0
539202532690919424	-2
538001527974395904	-3
538286520307048449	-3
538333496092397568	0
539367894350839808	3
539198669204238337	2
538132647256813568	-4
539369067992588289	-3
539200068629569536	0
537239996932300800	-2
538007914146168834	-3
538335657362735105	2
537656991955845120	-3
537951678017069056	0
537655173406285824	0
539202029542182913	-2
537259744767918080	2
539486282062528512	-2
537652679590555648	2
538286327272591360	0
537953549758787584	-2
537242767345594368	-2
537951427881357312	-2
538006740496023553	3
539208007130034176	2
539201610178899968	-2
537656515948462083	0
537246743239618560	3
538046110850617345	-3
538293597293252609	0
537593788160815104	-2
539576301582315520	0
539203931109601280	-2
538133549170561024	3
538005452211380225	-3
538045815764574210	-2
537958122196062208	0
537954356872876032	0
538011248882094081	3
537595382919090177	-2
537599489708941312	2
537244699254587393	3
538134733583319040	-2
537954524628254720	-2
537596611258748928	-3
539725008634118144	-2
538007243187576832	0
537953438546792448	2
538051960747098113	-3
539580014187282432	-2
537595913473372160	2
539200152880545792	-2
538286608756518912	2
538293625206341632	-2
538293709562191872	3
537959187268259840	-3
539575827110051840	0
537596415602872320	3
539208957534146560	-4
537952545831129088	2
